student_id,total_classes,attended_classes,current_attendance_pct,future_classes,min_requirement,behavior_pattern,predicted_attendance_pct
1,48,45,93.75,20,75,good,91.18
2,46,28,60.87,32,75,improving,62.82
3,75,56,74.67,6,85,average,74.07
4,127,93,73.23,22,75,average,73.15
5,60,36,60.0,14,75,declining,55.41
6,106,86,81.13,11,80,good,82.05
7,87,82,94.25,39,75,good,95.24
8,116,105,90.52,28,85,good,89.58
9,37,34,91.89,23,75,good,93.33
10,45,26,57.78,28,75,declining,53.42
11,73,39,53.42,9,85,poor,53.66
12,82,60,73.17,22,85,average,73.08
13,76,45,59.21,8,75,poor,59.52
14,100,58,58.0,18,85,declining,55.08
15,100,78,78.0,30,85,average,77.69
16,87,60,68.97,40,85,average,68.5
17,129,92,71.32,19,75,improving,72.3
18,43,41,95.35,14,85,good,92.98
19,128,79,61.72,29,85,improving,64.33
20,84,72,85.71,5,85,improving,85.39
21,88,29,32.95,32,75,poor,32.5
22,87,72,82.76,37,75,improving,86.29
23,96,75,78.12,14,80,improving,79.09
24,20,13,65.0,6,75,improving,69.23
25,98,64,65.31,10,75,average,64.81
26,37,30,81.08,13,85,improving,84.0
27,62,30,48.39,32,75,poor,48.94
28,71,31,43.66,28,80,poor,44.44
29,135,114,84.44,9,80,good,84.03
30,78,51,65.38,9,85,improving,66.67
31,78,76,97.44,26,75,good,96.15
32,91,51,56.04,13,85,declining,52.88
33,141,113,80.14,31,75,average,79.07
34,130,58,44.62,34,85,poor,43.29
35,45,39,86.67,26,75,good,87.32
36,68,49,72.06,32,75,improving,74.0
37,83,73,87.95,40,75,good,86.99
38,23,22,95.65,20,75,good,93.02
39,143,117,81.82,8,75,average,81.46
40,119,74,62.18,34,80,poor,61.44
41,144,99,68.75,18,75,average,68.52
42,35,11,31.43,35,85,poor,32.86
43,60,59,98.33,10,75,good,95.71
44,37,27,72.97,20,85,average,71.93
45,40,27,67.5,38,80,declining,58.97
46,72,27,37.5,30,75,poor,38.24
47,96,57,59.38,9,75,declining,58.1
48,45,40,88.89,37,80,good,87.8
49,109,106,97.25,28,80,good,94.89
50,97,86,88.66,38,75,improving,91.85
51,96,94,97.92,13,80,good,96.33
52,47,30,63.83,23,85,improving,65.71
53,107,84,78.5,21,85,average,78.12
54,33,30,90.91,22,75,good,87.27
55,53,18,33.96,33,85,poor,34.88
56,22,17,77.27,14,85,good,77.78
57,114,87,76.32,32,75,improving,77.4
58,113,110,97.35,18,85,good,95.42
59,46,26,56.52,31,85,poor,57.14
60,80,67,83.75,16,80,average,82.29
61,105,77,73.33,20,80,declining,72.0
62,47,35,74.47,35,75,declining,70.73
63,137,55,40.15,19,75,poor,39.1
64,69,41,59.42,9,80,declining,57.69
65,150,105,70.0,39,80,declining,66.14
66,49,17,34.69,21,75,poor,32.86
67,131,72,54.96,25,80,poor,55.13
68,150,131,87.33,17,80,good,86.83
69,131,118,90.08,39,85,good,91.18
70,70,31,44.29,26,85,poor,43.75
71,51,24,47.06,31,80,poor,46.34
72,95,60,63.16,31,85,improving,66.67
73,64,49,76.56,30,85,improving,80.85
74,97,36,37.11,25,80,poor,36.89
75,74,54,72.97,15,85,improving,74.16
76,105,101,96.19,20,85,good,94.4
77,70,45,64.29,20,80,average,64.44
78,38,23,60.53,17,85,declining,54.55
79,146,83,56.85,5,75,declining,56.29
80,76,61,80.26,38,80,average,78.95
81,83,73,87.95,34,85,good,88.89
82,101,69,68.32,37,80,declining,63.04
83,134,107,79.85,35,80,average,79.29
84,83,47,56.63,38,80,poor,57.02
85,90,47,52.22,23,75,declining,49.56
86,101,63,62.38,14,75,improving,62.61
87,59,39,66.1,31,80,average,65.56
88,126,106,84.13,31,80,good,86.62
89,25,17,68.0,5,80,improving,66.67
90,119,78,65.55,39,85,declining,60.76
91,144,101,70.14,36,75,average,69.44
92,123,100,81.3,13,85,average,80.88
93,120,92,76.67,6,75,improving,76.98
94,54,29,53.7,21,80,declining,50.67
95,136,56,41.18,29,80,poor,41.21
96,127,75,59.06,35,75,poor,59.26
97,33,12,36.36,9,85,poor,33.33
98,27,18,66.67,6,85,average,63.64
99,52,36,69.23,18,80,declining,64.29
100,114,87,76.32,12,75,average,76.19
101,47,28,59.57,24,85,improving,63.38
102,116,90,77.59,17,75,declining,75.19
103,82,77,93.9,24,85,good,93.4
104,50,41,82.0,27,85,improving,85.71
105,114,102,89.47,26,75,good,90.71
106,145,128,88.28,28,85,good,89.6
107,137,100,72.99,38,85,average,72.57
108,143,90,62.94,22,80,declining,60.0
109,42,25,59.52,20,80,poor,59.68
110,117,36,30.77,25,75,poor,30.28
111,110,46,41.82,22,85,poor,40.91
112,68,57,83.82,31,80,good,85.86
113,81,56,69.14,36,80,declining,63.25
114,43,16,37.21,20,80,poor,36.51
115,114,75,65.79,27,80,declining,61.7
116,104,56,53.85,22,80,poor,53.17
117,50,35,70.0,39,85,average,68.54
118,75,43,57.33,38,85,declining,53.98
119,45,31,68.89,28,75,average,68.49
120,52,16,30.77,8,85,poor,30.0
121,52,27,51.92,5,85,declining,50.88
122,142,85,59.86,8,80,declining,58.67
123,142,136,95.77,30,80,good,93.6
124,33,22,66.67,24,75,average,68.42
125,50,41,82.0,19,85,improving,84.06
126,133,79,59.4,32,80,poor,59.39
127,35,31,88.57,11,75,improving,91.3
128,87,72,82.76,16,85,good,82.52
129,20,12,60.0,35,80,declining,58.18
130,93,50,53.76,34,75,poor,54.33
131,87,69,79.31,17,80,improving,79.81
132,77,64,83.12,14,75,average,82.42
133,98,80,81.63,23,80,improving,82.64
134,97,75,77.32,37,85,declining,73.88
135,40,24,60.0,32,85,improving,63.89
136,84,68,80.95,6,85,good,81.11
137,30,22,73.33,33,80,average,71.43
138,131,103,78.63,35,80,declining,75.9
139,102,99,97.06,26,80,good,96.09
140,93,69,74.19,40,75,declining,70.68
141,100,41,41.0,30,85,poor,41.54
142,20,14,70.0,8,75,improving,71.43
143,147,107,72.79,18,80,declining,70.91
144,93,71,76.34,36,75,declining,74.42
145,81,57,70.37,5,85,average,69.77
146,77,68,88.31,12,85,good,88.76
147,147,70,47.62,22,80,poor,47.93
148,140,103,73.57,14,80,average,72.73
149,150,123,82.0,22,80,average,81.4
150,149,87,58.39,23,85,poor,58.14
151,145,107,73.79,35,80,average,73.33
152,116,90,77.59,17,85,declining,75.94
153,118,96,81.36,31,75,average,80.54
154,141,86,60.99,14,80,declining,58.71
155,52,46,88.46,26,75,improving,92.31
156,132,119,90.15,34,75,good,90.96
157,124,82,66.13,21,80,average,66.21
158,121,117,96.69,39,80,good,96.88
159,144,87,60.42,9,75,improving,60.78
160,93,74,79.57,32,75,average,80.0
161,45,24,53.33,24,75,declining,50.72
162,34,14,41.18,32,75,poor,39.39
163,125,100,80.0,16,75,improving,80.14
164,117,94,80.34,36,85,improving,81.7
165,138,63,45.65,5,80,poor,45.45
166,60,53,88.33,27,85,good,88.51
167,128,58,45.31,24,75,poor,46.05
168,143,121,84.62,27,85,good,85.29
169,95,94,98.95,30,80,good,95.2
170,32,26,81.25,23,75,improving,85.45
171,110,85,77.27,21,85,average,77.1
172,55,53,96.36,7,80,good,95.16
173,28,19,67.86,13,75,improving,73.17
174,103,56,54.37,13,85,declining,51.72
175,113,84,74.34,22,75,improving,75.56
176,143,80,55.94,26,75,poor,55.62
177,39,31,79.49,19,85,average,79.31
178,121,85,70.25,30,75,improving,71.52
179,51,31,60.78,21,85,declining,56.94
180,115,107,93.04,35,75,good,93.33
181,103,68,66.02,9,85,improving,66.96
182,97,51,52.58,7,75,declining,51.92
183,146,119,81.51,39,75,good,83.24
184,114,82,71.93,14,80,improving,72.66
185,145,104,71.72,22,75,improving,73.05
186,75,47,62.67,20,80,declining,61.05
187,114,99,86.84,27,75,improving,87.94
188,68,67,98.53,34,75,good,97.06
189,25,23,92.0,20,75,good,93.33
190,72,69,95.83,40,75,good,94.64
191,79,45,56.96,5,80,poor,57.14
192,57,43,75.44,16,75,average,75.34
193,26,16,61.54,20,85,average,60.87
194,64,20,31.25,31,85,poor,29.47
195,36,22,61.11,28,85,declining,54.69
196,135,89,65.93,7,85,improving,66.2
197,97,67,69.07,6,75,declining,66.99
198,122,86,70.49,36,85,declining,65.82
199,38,32,84.21,14,75,good,84.62
200,103,82,79.61,38,80,declining,75.89
201,130,124,95.38,12,85,good,95.07
202,75,47,62.67,19,80,declining,60.64
203,136,84,61.76,11,80,declining,60.54
204,85,53,62.35,35,75,poor,60.83
205,41,36,87.8,28,75,good,89.86
206,104,91,87.5,32,85,good,86.76
207,93,64,68.82,11,85,improving,69.23
208,59,33,55.93,11,80,declining,52.86
209,114,108,94.74,19,80,good,94.74
210,26,22,84.62,22,75,improving,87.5
211,99,41,41.41,16,75,poor,40.87
212,122,101,82.79,6,75,good,82.81
213,75,46,61.33,26,75,declining,58.42
214,103,80,77.67,8,75,improving,77.48
215,32,27,84.38,32,80,good,89.06
216,126,47,37.3,37,75,poor,36.81
217,48,25,52.08,36,85,poor,52.38
218,31,22,70.97,8,75,average,69.23
219,74,59,79.73,23,80,average,78.35
220,147,81,55.1,29,85,declining,52.27
221,148,125,84.46,27,75,improving,85.71
222,30,15,50.0,9,80,declining,46.15
223,123,72,58.54,30,75,declining,54.25
224,63,46,73.02,28,75,improving,75.82
225,47,34,72.34,30,85,average,70.13
226,99,37,37.37,15,75,poor,36.84
227,49,36,73.47,27,80,improving,77.63
228,57,38,66.67,21,75,average,65.38
229,59,49,83.05,36,80,good,87.37
230,134,106,79.1,25,85,improving,79.87
231,132,117,88.64,24,80,good,89.1
232,110,68,61.82,34,80,improving,62.5
233,114,37,32.46,10,85,poor,32.26
234,118,79,66.95,7,80,declining,65.6
235,68,34,50.0,37,75,poor,51.43
236,135,129,95.56,26,85,good,93.79
237,64,54,84.38,33,80,good,86.6
238,60,25,41.67,23,80,poor,40.96
239,106,65,61.32,26,75,improving,62.88
240,118,45,38.14,14,80,poor,37.12
241,56,22,39.29,30,75,poor,39.53
242,41,20,48.78,26,75,poor,49.25
243,43,28,65.12,6,80,declining,63.27
244,74,46,62.16,36,75,poor,60.91
245,55,36,65.45,11,85,average,65.15
246,29,17,58.62,13,85,poor,57.14
247,61,49,80.33,15,85,average,80.26
248,125,67,53.6,20,80,poor,53.1
249,134,101,75.37,24,80,average,75.95
250,69,37,53.62,33,80,poor,53.92
251,117,88,75.21,15,75,improving,76.52
252,55,17,30.91,35,80,poor,31.11
253,46,39,84.78,23,75,improving,88.41
254,89,68,76.4,14,80,declining,74.76
255,76,58,76.32,6,80,declining,75.61
256,148,56,37.84,10,80,poor,37.34
257,101,97,96.04,26,75,good,93.7
258,93,65,69.89,13,85,declining,67.92
259,21,16,76.19,18,75,good,82.05
260,128,122,95.31,20,80,good,93.92
261,81,56,69.14,34,75,declining,66.96
262,147,111,75.51,37,85,improving,76.63
263,56,25,44.64,27,75,poor,44.58
264,67,60,89.55,28,75,good,91.58
265,149,114,76.51,29,80,improving,76.97
266,119,46,38.66,6,80,poor,38.4
267,108,86,79.63,11,85,average,79.83
268,105,69,65.71,39,80,average,65.97
269,64,50,78.12,35,85,declining,75.76
270,54,50,92.59,34,75,good,90.91
271,31,25,80.65,25,80,average,80.36
272,141,44,31.21,17,80,poor,31.01
273,32,12,37.5,28,80,poor,40.0
274,132,79,59.85,16,80,declining,58.11
275,114,77,67.54,10,85,improving,67.74
276,130,116,89.23,16,85,improving,89.73
277,46,39,84.78,23,80,good,86.96
278,129,101,78.29,27,80,average,77.56
279,110,98,89.09,22,85,improving,90.91
280,34,31,91.18,30,80,good,90.62
281,60,49,81.67,33,75,good,82.8
282,80,34,42.5,7,85,poor,41.38
283,135,58,42.96,9,85,poor,42.36
284,113,67,59.29,22,75,declining,55.56
285,26,19,73.08,29,85,average,70.91
286,86,48,55.81,23,85,declining,51.38
287,145,97,66.9,9,80,average,66.23
288,133,127,95.49,25,85,good,94.3
289,36,27,75.0,24,75,improving,80.0
290,64,30,46.88,12,75,poor,47.37
291,80,40,50.0,40,85,declining,46.67
292,53,45,84.91,9,80,improving,85.48
293,142,102,71.83,31,85,improving,72.83
294,101,89,88.12,38,80,good,87.77
295,66,48,72.73,8,75,average,71.62
296,97,66,68.04,19,80,average,68.1
297,92,78,84.78,40,80,good,84.85
298,97,73,75.26,37,85,improving,76.87
299,59,46,77.97,26,85,average,76.47
300,27,21,77.78,21,85,good,81.25
301,126,99,78.57,36,85,improving,80.86
302,97,55,56.7,30,80,declining,53.54
303,35,25,71.43,35,80,average,70.0
304,56,33,58.93,25,85,poor,60.49
305,108,58,53.7,28,85,declining,50.74
306,101,75,74.26,22,80,average,73.17
307,44,37,84.09,29,85,good,86.3
308,60,37,61.67,25,75,poor,62.35
309,147,108,73.47,24,80,improving,74.27
310,120,88,73.33,20,75,improving,74.29
311,32,27,84.38,35,80,good,88.06
312,47,25,53.19,21,85,declining,50.0
313,123,38,30.89,8,85,poor,30.53
314,112,76,67.86,29,85,improving,69.5
315,91,73,80.22,12,75,improving,81.55
316,120,69,57.5,26,85,poor,58.22
317,56,43,76.79,30,85,average,74.42
318,29,22,75.86,35,85,average,76.56
319,55,34,61.82,25,75,poor,61.25
320,96,67,69.79,37,85,improving,72.18
321,96,71,73.96,28,80,declining,70.16
322,126,87,69.05,6,85,improving,68.94
323,78,71,91.03,15,85,good,91.4
324,117,95,81.2,20,75,average,81.02
325,48,31,64.58,25,80,average,63.01
326,72,46,63.89,35,85,declining,58.88
327,55,36,65.45,25,85,improving,68.75
328,116,73,62.93,34,85,poor,62.67
329,110,56,50.91,17,75,poor,50.39
330,96,80,83.33,24,80,average,83.33
331,145,67,46.21,40,85,poor,45.41
332,51,40,78.43,29,80,improving,83.75
333,57,17,29.82,10,80,poor,29.85
334,85,47,55.29,39,80,declining,49.19
335,89,59,66.29,20,75,average,65.14
336,77,50,64.94,31,80,average,65.74
337,45,29,64.44,40,75,average,63.53
338,141,98,69.5,23,80,declining,67.68
339,35,32,91.43,19,85,good,92.59
340,29,21,72.41,16,75,average,73.33
341,121,67,55.37,23,75,declining,54.17
342,47,18,38.3,39,85,poor,38.37
343,54,39,72.22,17,75,improving,73.24
344,137,75,54.74,5,85,poor,54.23
345,95,76,80.0,17,75,improving,81.25
346,123,80,65.04,10,80,declining,63.91
347,67,49,73.13,20,75,average,72.41
348,80,58,72.5,26,80,declining,68.87
349,22,11,50.0,20,75,poor,50.0
350,139,49,35.25,37,85,poor,35.8
351,50,21,42.0,19,75,poor,43.48
352,142,105,73.94,28,80,average,74.12
353,140,117,83.57,18,75,improving,84.81
354,40,29,72.5,28,75,improving,77.94
355,48,46,95.83,37,75,good,94.12
356,58,41,70.69,38,80,average,68.75
357,72,53,73.61,37,80,improving,77.98
358,136,102,75.0,34,85,average,74.12
359,138,76,55.07,30,80,poor,55.36
360,75,46,61.33,32,80,improving,64.49
361,35,34,97.14,35,75,good,92.86
362,66,53,80.3,31,80,average,81.44
363,117,89,76.07,29,80,declining,74.66
364,54,18,33.33,39,80,poor,33.33
365,77,73,94.81,24,80,good,94.06
366,128,91,71.09,19,75,improving,72.11
367,59,21,35.59,12,75,poor,35.21
368,127,105,82.68,6,75,improving,82.71
369,45,27,60.0,8,75,improving,60.38
370,122,69,56.56,18,75,declining,55.0
371,94,76,80.85,25,85,average,80.67
372,102,72,70.59,14,85,average,69.83
373,125,49,39.2,40,85,poor,40.0
374,64,42,65.62,8,80,declining,62.5
375,117,81,69.23,31,80,improving,70.27
376,116,92,79.31,35,75,average,80.13
377,96,77,80.21,8,85,average,79.81
378,126,95,75.4,29,75,improving,76.77
379,104,102,98.08,28,75,good,96.97
380,68,58,85.29,7,75,good,85.33
381,75,42,56.0,26,80,declining,50.5
382,23,19,82.61,12,85,average,82.86
383,142,112,78.87,18,80,average,78.75
384,102,44,43.14,39,85,poor,42.55
385,86,41,47.67,36,80,poor,45.9
386,140,86,61.43,28,80,poor,61.31
387,76,49,64.47,40,85,average,64.66
388,126,44,34.92,26,75,poor,34.21
389,82,54,65.85,26,80,declining,62.04
390,145,92,63.45,27,75,declining,62.21
391,145,120,82.76,39,85,average,83.7
392,28,27,96.43,8,75,good,94.44
393,79,74,93.67,5,75,good,92.86
394,115,106,92.17,35,85,good,92.0
395,21,16,76.19,5,75,improving,76.92
396,90,80,88.89,6,85,improving,89.58
397,130,87,66.92,11,85,average,65.96
398,69,52,75.36,27,80,improving,78.12
399,40,25,62.5,34,85,poor,60.81
400,77,41,53.25,10,85,poor,52.87
401,28,24,85.71,29,85,good,87.72
402,22,14,63.64,32,85,average,66.67
403,44,38,86.36,19,75,improving,90.48
404,141,44,31.21,9,85,poor,31.33
405,28,23,82.14,25,75,average,84.91
406,56,43,76.79,24,75,declining,72.5
407,119,83,69.75,13,85,improving,70.45
408,148,47,31.76,32,75,poor,32.22
409,107,88,82.24,30,80,improving,83.21
410,89,57,64.04,27,85,declining,59.48
411,130,102,78.46,29,75,average,78.62
412,95,75,78.95,10,80,average,78.1
413,59,35,59.32,11,75,declining,57.14
414,98,59,60.2,22,75,declining,58.33
415,67,42,62.69,40,85,declining,57.94
416,26,22,84.62,10,85,good,86.11
417,103,51,49.51,31,80,declining,45.52
418,82,62,75.61,29,75,improving,76.58
419,97,45,46.39,9,75,poor,46.23
420,127,59,46.46,9,80,poor,46.32
421,83,56,67.47,17,80,declining,66.0
422,97,96,98.97,26,85,good,96.75
423,104,62,59.62,13,80,declining,58.12
424,71,42,59.15,30,80,declining,56.44
425,145,121,83.45,25,80,improving,84.12
426,120,40,33.33,17,85,poor,33.58
427,66,40,60.61,34,85,improving,63.0
428,94,90,95.74,31,85,good,94.4
429,97,67,69.07,14,85,average,68.47
430,116,103,88.79,35,85,good,88.74
431,149,98,65.77,28,85,declining,62.71
432,41,39,95.12,27,75,good,94.12
433,31,27,87.1,30,80,improving,93.44
434,130,104,80.0,21,75,good,81.46
435,76,46,60.53,34,85,declining,56.36
436,148,106,71.62,6,80,average,71.43
437,126,103,81.75,14,80,good,82.14
438,136,102,75.0,27,80,average,74.23
439,135,43,31.85,7,85,poor,30.99
440,107,100,93.46,15,85,good,92.62
441,64,41,64.06,40,80,improving,69.23
442,79,54,68.35,16,85,declining,65.26
443,121,114,94.21,17,80,good,93.48
444,119,111,93.28,18,80,good,93.43
445,36,22,61.11,39,75,improving,65.33
446,70,37,52.86,36,85,declining,46.23
447,100,71,71.0,30,85,improving,72.31
448,110,75,68.18,24,85,declining,65.67
449,54,18,33.33,24,75,poor,32.05
450,56,40,71.43,13,85,improving,72.46
451,67,46,68.66,16,85,declining,66.27
452,93,63,67.74,33,85,average,66.67
453,111,99,89.19,17,80,good,89.84
454,149,92,61.74,36,80,declining,58.38
455,133,73,54.89,6,75,declining,53.96
456,90,68,75.56,15,80,average,75.24
457,146,109,74.66,12,80,improving,75.32
458,113,95,84.07,7,85,improving,84.17
459,75,39,52.0,20,80,declining,47.37
460,28,16,57.14,10,80,declining,50.0
461,50,34,68.0,27,85,average,67.53
462,129,99,76.74,18,75,average,76.87
463,109,74,67.89,39,75,improving,69.59
464,94,47,50.0,37,85,poor,50.38
465,54,41,75.93,22,85,declining,73.68
466,53,36,67.92,25,75,average,67.95
467,120,65,54.17,22,85,declining,52.11
468,135,125,92.59,10,80,good,92.41
469,91,41,45.05,36,80,poor,44.88
470,43,29,67.44,27,75,declining,61.43
471,121,102,84.3,18,80,average,83.45
472,92,45,48.91,13,85,poor,48.57
473,107,86,80.37,34,75,good,81.56
474,60,38,63.33,32,75,declining,56.52
475,53,18,33.96,22,75,poor,34.67
476,84,73,86.9,15,75,good,86.87
477,98,72,73.47,10,85,average,72.22
478,74,38,51.35,19,85,declining,48.39
479,22,20,90.91,12,80,good,91.18
480,142,120,84.51,10,85,good,84.87
481,46,19,41.3,24,75,poor,41.43
482,54,35,64.81,5,85,average,64.41
483,132,72,54.55,14,80,poor,54.11
484,133,88,66.17,11,75,average,65.97
485,118,75,63.56,25,75,poor,62.94
486,41,31,75.61,23,85,average,73.44
487,97,73,75.26,37,75,average,75.37
488,95,90,94.74,20,80,good,93.91
489,81,56,69.14,9,85,declining,66.67
490,23,14,60.87,13,80,poor,61.11
491,127,62,48.82,16,80,poor,48.95
492,38,34,89.47,5,80,good,88.37
493,35,22,62.86,37,80,declining,56.94
494,122,113,92.62,39,85,good,91.3
495,41,13,31.71,18,75,poor,30.51
496,120,94,78.33,9,80,improving,79.07
497,81,68,83.95,32,75,good,85.84
498,34,18,52.94,16,75,poor,50.0
499,55,45,81.82,27,85,good,85.37
500,86,62,72.09,22,85,average,72.22
501,27,15,55.56,22,85,poor,53.06
502,39,24,61.54,28,75,declining,56.72
503,62,22,35.48,11,85,poor,35.62
504,49,39,79.59,5,75,average,79.63
505,23,15,65.22,28,80,average,66.67
506,65,59,90.77,31,75,good,89.58
507,126,49,38.89,9,85,poor,38.52
508,148,123,83.11,38,75,good,86.02
509,37,28,75.68,24,80,declining,72.13
510,136,118,86.76,23,85,good,88.05
511,82,50,60.98,36,75,declining,55.93
512,82,53,64.63,31,75,average,63.72
513,108,106,98.15,5,85,good,97.35
514,98,82,83.67,20,80,good,84.75
515,35,27,77.14,10,75,average,77.78
516,125,57,45.6,10,85,poor,45.19
517,54,28,51.85,8,80,declining,48.39
518,53,37,69.81,25,80,average,70.51
519,103,47,45.63,19,75,poor,45.9
520,54,34,62.96,11,75,improving,64.62
521,100,53,53.0,27,75,declining,50.39
522,138,82,59.42,10,75,poor,59.46
523,97,59,60.82,25,75,improving,61.48
524,83,36,43.37,8,85,poor,42.86
525,64,63,98.44,33,85,good,96.91
526,83,74,89.16,13,75,good,88.54
527,76,52,68.42,30,80,average,68.87
528,41,31,75.61,9,75,improving,78.0
529,70,51,72.86,10,80,declining,71.25
530,138,115,83.33,32,85,good,84.71
531,27,19,70.37,16,80,declining,65.12
532,67,26,38.81,14,75,poor,38.27
533,82,38,46.34,40,80,poor,45.08
534,91,49,53.85,17,85,declining,50.93
535,83,69,83.13,29,85,improving,84.82
536,144,89,61.81,37,80,poor,61.33
537,66,57,86.36,19,75,good,88.24
538,91,87,95.6,35,85,good,93.65
539,79,52,65.82,20,80,average,65.66
540,34,26,76.47,29,80,average,77.78
541,64,44,68.75,25,85,average,68.54
542,27,17,62.96,14,85,poor,63.41
543,146,101,69.18,36,75,improving,70.33
544,79,52,65.82,38,80,improving,67.52
545,71,50,70.42,16,80,average,68.97
546,57,46,80.7,14,75,improving,83.1
547,113,98,86.73,30,85,good,86.01
548,97,33,34.02,15,85,poor,33.93
549,144,51,35.42,40,85,poor,35.87
550,111,86,77.48,16,80,average,77.17
551,95,65,68.42,5,85,average,68.0
552,120,73,60.83,25,85,improving,62.07
553,46,24,52.17,9,75,declining,49.09
554,101,78,77.23,10,85,average,76.58
555,105,52,49.52,18,75,declining,47.15
556,109,62,56.88,5,75,poor,56.14
557,127,105,82.68,36,80,average,82.21
558,116,112,96.55,19,75,good,95.56
559,28,8,28.57,21,75,poor,26.53
560,63,34,53.97,9,85,declining,51.39
561,43,21,48.84,35,85,poor,47.44
562,62,53,85.48,15,75,improving,85.71
563,72,52,72.22,40,85,average,73.21
564,87,35,40.23,11,75,poor,39.8
565,145,95,65.52,5,80,average,65.33
566,142,95,66.9,18,75,average,66.88
567,40,30,75.0,24,80,declining,70.31
568,87,80,91.95,29,75,good,91.38
569,117,42,35.9,7,80,poor,35.48
570,87,71,81.61,8,75,average,81.05
571,44,41,93.18,39,80,good,95.18
572,78,48,61.54,29,85,improving,63.55
573,141,121,85.82,35,80,improving,86.93
574,28,21,75.0,38,85,improving,81.82
575,57,56,98.25,33,75,good,97.78
576,62,50,80.65,13,75,average,80.0
577,131,111,84.73,14,85,average,84.14
578,37,32,86.49,30,85,good,86.57
579,90,66,73.33,5,85,improving,73.68
580,127,112,88.19,14,85,good,88.65
581,45,41,91.11,11,80,good,91.07
582,108,62,57.41,36,85,declining,53.47
583,29,20,68.97,14,85,average,69.77
584,122,107,87.7,26,85,good,87.84
585,141,86,60.99,6,80,poor,60.54
586,97,38,39.18,36,85,poor,39.1
587,78,55,70.51,33,80,average,69.37
588,126,100,79.37,17,80,improving,79.72
589,124,90,72.58,28,75,declining,69.74
590,60,51,85.0,37,80,good,85.57
591,27,18,66.67,17,75,average,65.91
592,136,133,97.79,17,80,good,96.73
593,138,99,71.74,12,85,improving,72.0
594,115,77,66.96,16,80,declining,64.89
595,109,38,34.86,21,85,poor,35.38
596,43,13,30.23,8,75,poor,29.41
597,74,57,77.03,18,80,average,77.17
598,25,22,88.0,13,85,good,86.84
599,22,15,68.18,24,85,average,69.57
600,90,69,76.67,27,80,declining,74.36
601,139,74,53.24,30,85,poor,52.07
602,150,74,49.33,23,80,poor,49.13
603,143,124,86.71,22,85,good,86.67
604,90,47,52.22,24,75,poor,50.88
605,81,77,95.06,30,85,good,92.79
606,55,51,92.73,23,80,good,93.59
607,123,88,71.54,17,80,declining,69.29
608,76,60,78.95,35,85,improving,81.08
609,96,78,81.25,40,75,average,80.15
610,140,111,79.29,40,75,average,80.0
611,105,88,83.81,19,85,good,85.48
612,127,54,42.52,23,80,poor,42.67
613,140,136,97.14,9,80,good,96.64
614,148,144,97.3,29,85,good,95.48
615,33,22,66.67,17,80,average,66.0
616,137,97,70.8,16,75,average,70.59
617,65,33,50.77,5,80,poor,50.0
618,63,52,82.54,36,75,improving,84.85
619,131,81,61.83,35,80,declining,60.24
620,71,44,61.97,25,85,poor,61.46
621,21,14,66.67,27,80,average,64.58
622,118,91,77.12,15,75,improving,78.2
623,96,44,45.83,38,85,poor,45.52
624,131,94,71.76,36,80,average,71.86
625,62,31,50.0,19,85,declining,44.44
626,74,67,90.54,15,75,good,89.89
627,29,22,75.86,21,85,declining,70.0
628,32,29,90.62,6,75,good,89.47
629,126,77,61.11,40,80,declining,57.83
630,59,46,77.97,5,80,average,76.56
631,45,30,66.67,13,80,improving,68.97
632,46,37,80.43,12,80,improving,81.03
633,47,26,55.32,17,80,declining,50.0
634,71,38,53.52,23,75,poor,52.13
635,147,115,78.23,35,80,average,77.47
636,23,22,95.65,36,75,good,96.61
637,150,141,94.0,11,80,good,93.79
638,136,53,38.97,8,75,poor,38.89
639,30,12,40.0,25,80,poor,41.82
640,44,35,79.55,13,85,good,82.46
641,104,63,60.58,22,85,poor,59.52
642,107,71,66.36,30,80,average,65.69
643,118,87,73.73,15,75,declining,72.93
644,35,23,65.71,35,85,average,67.14
645,66,47,71.21,27,85,improving,72.04
646,53,41,77.36,12,80,declining,73.85
647,36,19,52.78,5,85,poor,51.22
648,77,37,48.05,11,80,poor,47.73
649,83,50,60.24,29,75,declining,55.36
650,33,30,90.91,15,85,good,91.67
651,146,97,66.44,36,80,average,65.93
652,91,82,90.11,40,85,good,90.08
653,80,71,88.75,33,75,good,91.15
654,134,45,33.58,36,85,poor,33.53
655,46,28,60.87,40,85,declining,58.14
656,43,38,88.37,24,85,improving,91.04
657,136,58,42.65,8,75,poor,42.36
658,104,86,82.69,35,85,improving,85.61
659,135,110,81.48,19,75,good,82.47
660,94,71,75.53,11,75,improving,76.19
661,146,118,80.82,31,75,average,80.23
662,70,47,67.14,30,75,average,67.0
663,68,22,32.35,31,75,poor,33.33
664,51,32,62.75,37,75,declining,54.55
665,21,17,80.95,40,80,improving,90.16
666,143,119,83.22,16,85,improving,84.28
667,52,45,86.54,25,85,good,89.61
668,127,111,87.4,20,80,improving,88.44
669,107,49,45.79,13,75,poor,45.0
670,96,82,85.42,40,85,improving,87.5
671,73,59,80.82,27,85,improving,82.0
672,65,49,75.38,25,85,improving,76.67
673,110,81,73.64,31,85,improving,75.89
674,93,69,74.19,38,75,declining,72.52
675,57,53,92.98,17,80,good,93.24
676,61,32,52.46,14,75,poor,52.0
677,95,76,80.0,7,80,average,79.41
678,46,39,84.78,40,75,improving,90.7
679,119,89,74.79,23,85,average,74.65
680,117,73,62.39,25,85,declining,61.27
681,84,65,77.38,33,75,average,77.78
682,114,87,76.32,17,85,improving,77.86
683,95,52,54.74,9,75,declining,52.88
684,50,25,50.0,22,85,declining,47.22
685,61,52,85.25,5,80,improving,84.85
686,59,49,83.05,25,85,good,83.33
687,97,71,73.2,40,80,declining,71.53
688,101,67,66.34,16,85,improving,66.67
689,149,109,73.15,39,80,average,72.34
690,76,59,77.63,26,80,average,76.47
691,141,119,84.4,5,75,improving,84.25
692,134,111,82.84,20,75,average,82.47
693,102,79,77.45,12,80,declining,76.32
694,92,90,97.83,28,85,good,97.5
695,134,68,50.75,17,80,declining,49.01
696,44,37,84.09,39,85,average,81.93
697,36,28,77.78,18,85,average,75.93
698,46,34,73.91,32,85,average,75.64
699,38,24,63.16,26,75,average,60.94
700,33,26,78.79,40,75,average,79.45
701,78,34,43.59,33,85,poor,43.24
702,100,87,87.0,12,85,good,86.61
703,36,22,61.11,9,80,improving,62.22
704,47,27,57.45,24,85,poor,54.93
705,132,81,61.36,6,80,declining,60.87
706,76,60,78.95,39,80,average,80.0
707,56,30,53.57,28,75,poor,53.57
708,56,45,80.36,30,85,good,83.72
709,41,15,36.59,27,75,poor,35.29
710,56,38,67.86,21,75,average,66.23
711,33,24,72.73,40,75,improving,76.71
712,37,12,32.43,36,80,poor,31.51
713,80,68,85.0,9,75,good,85.39
714,135,69,51.11,24,85,poor,50.94
715,113,71,62.83,15,75,poor,62.5
716,76,44,57.89,28,75,declining,53.85
717,104,66,63.46,27,80,declining,60.31
718,47,36,76.6,10,80,average,77.19
719,55,36,65.45,9,85,improving,65.62
720,24,18,75.0,30,85,improving,79.63
721,29,19,65.52,39,80,improving,72.06
722,58,25,43.1,23,75,poor,41.98
723,150,131,87.33,37,75,good,88.77
724,62,39,62.9,15,75,improving,64.94
725,57,44,77.19,7,75,declining,75.0
726,79,67,84.81,19,75,good,86.73
727,112,71,63.39,34,75,declining,61.64
728,102,95,93.14,38,85,good,94.29
729,87,66,75.86,16,80,improving,77.67
730,113,89,78.76,9,85,improving,78.69
731,77,55,71.43,27,80,improving,74.04
732,21,18,85.71,33,75,improving,88.89
733,91,61,67.03,15,80,average,66.98
734,50,36,72.0,26,85,average,71.05
735,142,79,55.63,15,85,declining,53.5
736,25,16,64.0,15,75,average,65.0
737,30,19,63.33,15,80,improving,66.67
738,123,109,88.62,6,85,improving,89.15
739,92,77,83.7,35,80,good,84.25
740,125,80,64.0,16,85,improving,65.25
741,87,69,79.31,26,80,average,78.76
742,37,26,70.27,13,75,average,68.0
743,149,111,74.5,11,75,declining,73.12
744,29,21,72.41,12,75,improving,75.61
745,53,40,75.47,5,85,improving,75.86
746,127,76,59.84,38,80,poor,59.39
747,143,86,60.14,11,80,declining,59.09
748,142,118,83.1,10,80,average,82.89
749,124,45,36.29,5,85,poor,35.66
750,21,14,66.67,25,80,declining,60.87
751,59,41,69.49,21,80,declining,63.75
752,128,90,70.31,22,85,improving,71.33
753,72,47,65.28,40,80,declining,62.5
754,143,92,64.34,27,85,poor,64.12
755,55,52,94.55,33,85,good,95.45
756,45,33,73.33,26,85,average,73.24
757,33,24,72.73,5,75,average,71.05
758,140,102,72.86,9,80,improving,73.15
759,40,24,60.0,29,80,improving,63.77
760,93,57,61.29,16,85,improving,62.39
761,22,18,81.82,38,80,average,80.0
762,150,121,80.67,15,85,improving,80.61
763,81,80,98.77,10,80,good,97.8
764,110,68,61.82,17,85,declining,60.63
765,37,33,89.19,40,85,good,89.61
766,90,69,76.67,17,80,average,76.64
767,21,7,33.33,37,75,poor,34.48
768,148,62,41.89,12,85,poor,41.88
769,84,66,78.57,35,75,declining,73.11
770,137,105,76.64,6,80,declining,76.22
771,37,25,67.57,19,85,declining,62.5
772,100,78,78.0,38,85,declining,76.09
773,87,61,70.11,30,85,average,70.09
774,107,97,90.65,16,80,good,90.24
775,75,51,68.0,17,80,improving,69.57
776,80,65,81.25,18,75,average,80.61
777,83,58,69.88,11,75,improving,71.28
778,146,87,59.59,39,75,improving,62.16
779,115,79,68.7,22,80,improving,69.34
780,150,65,43.33,13,75,poor,42.94
781,128,100,78.12,7,85,declining,77.04
782,64,50,78.12,38,80,declining,74.51
783,22,20,90.91,29,85,good,88.24
784,112,96,85.71,16,85,improving,85.94
785,88,69,78.41,26,80,declining,76.32
786,128,93,72.66,28,80,average,73.08
787,91,50,54.95,13,85,declining,52.88
788,45,26,57.78,40,80,poor,58.82
789,70,56,80.0,14,80,average,79.76
790,65,42,64.62,38,85,declining,58.25
791,144,55,38.19,8,80,poor,37.5
792,61,51,83.61,21,80,good,86.59
793,44,31,70.45,21,80,declining,67.69
794,85,26,30.59,12,80,poor,30.93
795,70,54,77.14,39,75,improving,81.65
796,92,38,41.3,37,80,poor,41.86
797,134,117,87.31,23,80,good,87.9
798,57,44,77.19,26,80,average,77.11
799,123,100,81.3,26,75,good,82.55
800,94,48,51.06,30,80,poor,51.61
801,112,84,75.0,33,80,improving,76.55
802,25,19,76.0,21,85,average,78.26
803,40,27,67.5,11,75,average,66.67
804,141,86,60.99,30,85,improving,63.16
805,41,34,82.93,14,75,good,85.45
806,119,45,37.82,23,80,poor,38.03
807,53,45,84.91,6,75,improving,84.75
808,103,65,63.11,39,80,declining,59.15
809,54,35,64.81,34,85,improving,69.32
810,131,103,78.63,39,80,improving,81.76
811,143,95,66.43,10,80,improving,66.67
812,125,44,35.2,5,75,poor,34.62
813,54,21,38.89,39,75,poor,39.78
814,145,85,58.62,32,80,declining,55.93
815,21,14,66.67,31,85,improving,73.08
816,83,65,78.31,29,80,average,77.68
817,40,27,67.5,38,85,declining,58.97
818,89,46,51.69,39,80,poor,51.56
819,37,25,67.57,12,85,average,67.35
820,135,73,54.07,36,75,poor,53.22
821,58,57,98.28,6,75,good,96.88
822,92,31,33.7,33,85,poor,32.0
823,43,28,65.12,18,80,average,63.93
824,147,67,45.58,7,80,poor,44.81
825,57,48,84.21,30,75,good,86.21
826,66,54,81.82,21,80,average,82.76
827,51,37,72.55,33,75,average,72.62
828,28,20,71.43,11,85,average,71.79
829,73,45,61.64,24,80,declining,59.79
830,30,22,73.33,21,80,improving,78.43
831,70,42,60.0,18,75,poor,59.09
832,131,39,29.77,22,85,poor,28.76
833,82,81,98.78,35,85,good,96.58
834,115,97,84.35,36,75,good,86.75
835,106,86,81.13,14,85,good,82.5
836,47,35,74.47,25,85,average,75.0
837,108,77,71.3,6,85,declining,70.18
838,54,33,61.11,36,85,poor,60.0
839,95,76,80.0,17,85,improving,80.36
840,109,60,55.05,22,85,poor,55.73
841,61,55,90.16,33,80,good,92.55
842,113,56,49.56,37,80,declining,45.33
843,24,20,83.33,20,80,improving,88.64
844,119,89,74.79,36,85,average,73.55
845,92,40,43.48,25,75,poor,42.74
846,37,35,94.59,13,75,good,94.0
847,71,63,88.73,11,75,good,89.02
848,119,78,65.55,21,75,declining,63.57
849,38,37,97.37,18,85,good,94.64
850,40,29,72.5,8,80,declining,68.75
851,126,72,57.14,8,85,poor,56.72
852,30,29,96.67,9,75,good,94.87
853,44,41,93.18,39,80,good,90.36
854,83,65,78.31,16,85,improving,79.8
855,126,120,95.24,27,85,good,94.12
856,129,107,82.95,16,85,good,83.45
857,106,80,75.47,33,80,average,76.26
858,103,45,43.69,32,85,poor,42.96
859,81,61,75.31,29,85,improving,79.09
860,85,54,63.53,33,80,poor,61.86
861,28,14,50.0,38,75,poor,53.03
862,97,83,85.57,19,75,good,87.07
863,25,15,60.0,37,85,poor,61.29
864,59,47,79.66,27,75,good,81.4
865,113,76,67.26,21,80,improving,67.91
866,122,106,86.89,9,85,improving,87.02
867,143,106,74.13,11,85,average,74.03
868,29,20,68.97,8,80,improving,70.27
869,131,102,77.86,12,75,declining,76.22
870,22,11,50.0,38,75,declining,43.33
871,58,27,46.55,19,75,poor,45.45
872,120,87,72.5,37,75,declining,70.06
873,94,51,54.26,26,75,declining,50.83
874,32,23,71.88,10,80,improving,73.81
875,53,39,73.58,17,80,average,72.86
876,70,54,77.14,38,75,improving,79.63
877,88,52,59.09,10,75,declining,57.14
878,128,54,42.19,25,80,poor,41.83
879,26,9,34.62,27,85,poor,35.85
880,133,85,63.91,7,75,improving,63.57
881,115,92,80.0,10,75,average,80.0
882,82,71,86.59,23,75,improving,88.57
883,48,21,43.75,6,80,poor,42.59
884,74,56,75.68,21,85,average,74.74
885,56,49,87.5,38,75,good,87.23
886,35,12,34.29,22,75,poor,35.09
887,22,19,86.36,22,85,good,90.91
888,112,90,80.36,29,75,good,83.69
889,150,147,98.0,36,85,good,96.77
890,67,50,74.63,34,85,average,75.25
891,25,21,84.0,38,80,good,87.3
892,120,78,65.0,27,80,average,64.63
893,80,54,67.5,8,85,improving,68.18
894,119,117,98.32,22,75,good,96.45
895,120,80,66.67,29,85,average,67.11
896,78,44,56.41,14,80,declining,53.26
897,104,68,65.38,18,85,declining,63.93
898,71,50,70.42,38,75,average,69.72
899,57,49,85.96,25,75,improving,89.02
900,50,35,70.0,14,85,average,68.75
901,101,79,78.22,24,80,declining,75.2
902,90,72,80.0,11,75,average,79.21
903,88,67,76.14,19,85,improving,77.57
904,26,8,30.77,35,75,poor,31.15
905,140,51,36.43,29,80,poor,36.09
906,61,42,68.85,31,75,average,69.57
907,125,99,79.2,17,75,average,78.17
908,132,98,74.24,25,80,improving,76.43
909,129,94,72.87,29,85,declining,70.89
910,29,18,62.07,34,75,improving,69.84
911,82,62,75.61,7,85,improving,75.28
912,32,22,68.75,30,80,average,70.97
913,93,51,54.84,23,85,declining,50.86
914,56,41,73.21,33,75,declining,67.42
915,48,38,79.17,39,75,average,79.31
916,102,51,50.0,34,85,declining,44.85
917,71,37,52.11,25,85,declining,47.92
918,61,49,80.33,33,85,good,82.98
919,118,92,77.97,15,80,improving,78.95
920,31,25,80.65,14,75,average,82.22
921,65,57,87.69,24,85,good,89.89
922,134,69,51.49,12,75,poor,51.37
923,20,16,80.0,5,80,improving,80.0
924,147,123,83.67,36,75,improving,84.7
925,141,87,61.7,10,85,declining,60.26
926,82,56,68.29,40,75,improving,69.67
927,57,53,92.98,7,75,good,92.19
928,96,59,61.46,8,75,poor,60.58
929,65,50,76.92,40,75,average,79.05
930,112,91,81.25,24,80,good,82.35
931,117,111,94.87,40,75,good,92.99
932,54,50,92.59,22,80,good,92.11
933,73,56,76.71,11,85,average,76.19
934,42,30,71.43,23,80,declining,66.15
935,101,48,47.52,27,75,poor,47.66
936,147,120,81.63,36,80,improving,84.15
937,79,50,63.29,5,75,poor,61.9
938,50,40,80.0,31,80,average,77.78
939,109,91,83.49,18,75,improving,85.04
940,92,53,57.61,24,80,poor,56.9
941,102,83,81.37,26,80,good,82.81
942,27,18,66.67,26,85,average,66.04
943,141,131,92.91,35,75,good,93.18
944,105,77,73.33,31,85,declining,71.32
945,96,78,81.25,25,85,improving,83.47
946,73,58,79.45,27,75,improving,83.0
947,91,78,85.71,29,85,good,86.67
948,62,48,77.42,16,85,improving,78.21
949,98,53,54.08,22,80,poor,53.33
950,80,36,45.0,24,75,poor,45.19
951,64,55,85.94,7,75,good,85.92
952,133,80,60.15,35,85,improving,61.31
953,107,77,71.96,38,80,declining,67.59
954,56,54,96.43,38,85,good,96.81
955,72,64,88.89,38,75,good,87.27
956,31,26,83.87,26,80,improving,91.23
957,46,38,82.61,24,75,improving,85.71
958,99,70,70.71,17,80,average,69.83
959,101,70,69.31,22,75,declining,67.48
960,49,48,97.96,40,85,good,92.13
961,109,75,68.81,14,85,improving,69.92
962,82,54,65.85,26,85,average,65.74
963,53,47,88.68,8,75,good,88.52
964,42,25,59.52,33,85,declining,54.67
965,105,83,79.05,39,75,average,79.86
966,139,88,63.31,34,75,improving,64.74
967,139,79,56.83,19,75,declining,54.43
968,86,37,43.02,26,80,poor,42.86
969,27,24,88.89,27,80,good,88.89
970,63,35,55.56,13,85,poor,53.95
971,47,23,48.94,9,80,poor,48.21
972,122,88,72.13,20,85,improving,72.54
973,143,74,51.75,18,85,declining,49.69
974,131,109,83.21,39,85,improving,84.71
975,39,33,84.62,12,85,improving,86.27
976,103,64,62.14,33,75,improving,63.97
977,123,113,91.87,29,80,good,91.45
978,35,29,82.86,13,85,good,85.42
979,20,15,75.0,33,85,average,75.47
980,134,92,68.66,25,80,average,68.55
981,97,69,71.13,27,75,declining,67.74
982,150,113,75.33,23,75,declining,73.41
983,33,31,93.94,27,75,good,95.0
984,27,19,70.37,30,85,average,70.18
985,117,71,60.68,39,75,declining,57.05
986,141,96,68.09,29,80,average,68.24
987,59,38,64.41,13,75,poor,62.5
988,24,19,79.17,36,85,average,78.33
989,54,44,81.48,31,80,good,87.06
990,128,83,64.84,37,80,improving,67.27
991,135,81,60.0,16,80,declining,58.28
992,147,116,78.91,22,80,average,79.29
993,113,112,99.12,35,85,good,96.62
994,143,118,82.52,38,80,good,83.98
995,40,34,85.0,10,75,improving,86.0
996,39,32,82.05,24,85,improving,84.13
997,107,89,83.18,35,80,improving,85.21
998,140,114,81.43,31,80,improving,83.63
999,95,34,35.79,24,85,poor,36.13
1000,86,79,91.86,15,85,good,90.1
